outlet_id,depot,temp_requirement,units,weight_kg,volume_m3,deferred_yesterday,days_since_last_served
OUT076,Kandy,ambient,33,266.5,1.384,0,1
OUT076,Kandy,chilled,16,129.0,0.725,0,1
OUT077,Kandy,ambient,23,164.8,0.903,0,1
OUT077,Kandy,chilled,19,102.0,0.554,0,1
OUT078,Kandy,ambient,41,222.2,1.369,0,1
OUT078,Kandy,chilled,45,298.0,1.697,0,1
OUT079,Kandy,ambient,25,163.8,0.896,0,1
OUT079,Kandy,chilled,22,141.9,0.785,0,1
OUT080,Kandy,ambient,24,171.8,0.982,0,1
OUT080,Kandy,chilled,36,250.8,1.229,0,1
OUT081,Kandy,ambient,38,231.2,1.218,0,1
OUT081,Kandy,chilled,41,269.3,1.427,0,1
OUT082,Kandy,ambient,35,265.2,1.425,0,1
OUT082,Kandy,chilled,18,142.2,0.764,0,1
OUT083,Kandy,ambient,16,114.8,0.603,0,1
OUT084,Kandy,ambient,59,337.5,1.707,0,1
OUT084,Kandy,chilled,66,457.6,2.261,0,1
OUT085,Kandy,ambient,79,498.0,2.808,0,1
OUT086,Kandy,ambient,46,292.0,1.804,0,1
OUT087,Kandy,ambient,87,493.1,2.647,0,1
OUT087,Kandy,chilled,54,289.9,1.656,0,1
OUT088,Kandy,ambient,19,284.1,4.162,0,7
OUT089,Kandy,ambient,43,813.2,12.53,0,7
OUT090,Kandy,ambient,58,915.3,14.039,0,7
OUT091,Kandy,ambient,68,871.4,12.943,0,7
OUT092,Kandy,ambient,86,1212.8,16.471,0,7
OUT095,Kandy,ambient,8,1888.8,5.487,0,7
OUT096,Kandy,ambient,71,341.3,1.861,0,1
OUT096,Kandy,chilled,39,279.5,1.585,0,1
OUT097,Kandy,ambient,108,772.2,4.21,0,1
OUT097,Kandy,chilled,115,919.1,4.898,0,1
OUT098,Kandy,ambient,126,723.1,4.156,0,1
OUT099,Kandy,ambient,142,748.0,4.268,0,1
OUT100,Kandy,ambient,100,847.4,4.66,0,1
OUT100,Kandy,chilled,142,1064.0,5.716,0,1
OUT101,Kandy,ambient,84,571.0,3.367,0,1
OUT104,Kandy,ambient,58,395.6,2.253,0,1
OUT105,Kandy,ambient,49,333.6,1.802,0,1
OUT106,Kandy,ambient,79,548.4,3.069,0,1
OUT106,Kandy,chilled,64,346.7,1.83,0,1
OUT107,Kandy,ambient,99,600.8,3.406,0,1
OUT107,Kandy,chilled,70,405.8,2.362,0,1
OUT108,Kandy,ambient,99,579.0,3.042,0,1
OUT108,Kandy,chilled,41,331.5,1.817,0,1
OUT110,Kandy,ambient,68,447.6,2.32,0,1
OUT110,Kandy,chilled,60,355.2,1.876,0,1
OUT111,Kandy,ambient,59,372.6,2.157,0,1
OUT111,Kandy,chilled,27,169.7,0.951,0,1
OUT112,Kandy,ambient,130,930.3,4.781,0,1
OUT113,Kandy,ambient,108,745.3,3.775,0,1
OUT113,Kandy,chilled,59,382.3,2.068,0,1
OUT116,Kandy,ambient,69,507.5,2.717,0,1
OUT117,Kandy,ambient,98,860.0,4.382,0,1
OUT117,Kandy,chilled,124,631.5,3.477,0,1
OUT118,Kandy,ambient,140,1101.5,5.547,0,1
OUT118,Kandy,chilled,138,956.5,4.876,0,1
OUT119,Kandy,ambient,74,487.4,2.83,0,1
OUT119,Kandy,chilled,81,662.8,3.747,0,1
OUT001,Peliyagoda,ambient,11,83.4,0.527,0,1
OUT001,Peliyagoda,chilled,20,174.2,0.954,0,1
OUT002,Peliyagoda,ambient,22,174.1,0.983,0,1
OUT002,Peliyagoda,chilled,24,146.9,0.815,0,1
OUT003,Peliyagoda,ambient,22,165.3,0.888,0,1
OUT003,Peliyagoda,chilled,16,124.5,0.717,0,1
OUT004,Peliyagoda,ambient,48,391.3,1.872,0,1
OUT004,Peliyagoda,chilled,31,245.1,1.167,0,1
OUT005,Peliyagoda,ambient,144,790.3,4.186,0,1
OUT005,Peliyagoda,chilled,79,558.5,3.191,0,1
OUT006,Peliyagoda,ambient,109,771.9,3.97,1,1
OUT006,Peliyagoda,chilled,87,646.8,3.573,1,1
OUT007,Peliyagoda,ambient,136,855.2,5.1,1,1
OUT008,Peliyagoda,ambient,57,478.8,2.763,1,1
OUT008,Peliyagoda,chilled,29,272.9,1.284,1,1
OUT009,Peliyagoda,ambient,74,461.8,2.445,1,1
OUT009,Peliyagoda,chilled,74,393.8,2.493,1,1
OUT010,Peliyagoda,ambient,56,460.1,2.286,1,1
OUT010,Peliyagoda,chilled,59,378.3,2.085,1,1
OUT011,Peliyagoda,ambient,81,481.2,2.522,1,1
OUT011,Peliyagoda,chilled,67,524.1,2.913,1,1
OUT012,Peliyagoda,ambient,80,579.3,3.0,1,1
OUT013,Peliyagoda,ambient,169,1087.3,6.277,0,1
OUT013,Peliyagoda,chilled,104,791.0,4.169,0,1
OUT014,Peliyagoda,ambient,72,459.3,2.715,1,1
OUT014,Peliyagoda,chilled,62,451.6,2.343,1,1
OUT015,Peliyagoda,ambient,67,842.6,11.969,0,7
OUT016,Peliyagoda,ambient,59,872.5,13.757,0,7
OUT017,Peliyagoda,ambient,97,1317.9,24.476,0,7
OUT018,Peliyagoda,ambient,59,858.7,13.088,0,7
OUT019,Peliyagoda,ambient,45,643.4,10.284,0,7
OUT020,Peliyagoda,ambient,75,1154.9,18.53,0,7
OUT025,Peliyagoda,ambient,55,326.8,1.883,0,1
OUT025,Peliyagoda,chilled,32,195.5,1.051,0,1
OUT026,Peliyagoda,ambient,53,448.1,2.549,0,1
OUT026,Peliyagoda,chilled,44,360.4,1.591,0,1
OUT027,Peliyagoda,ambient,78,511.8,2.656,0,1
OUT027,Peliyagoda,chilled,44,400.7,2.009,0,1
OUT028,Peliyagoda,ambient,109,646.2,3.884,1,1
OUT029,Peliyagoda,ambient,54,405.0,2.133,1,1
OUT030,Peliyagoda,ambient,105,651.9,3.694,1,1
OUT030,Peliyagoda,chilled,68,489.0,2.587,1,1
OUT031,Peliyagoda,ambient,146,1046.8,5.67,1,1
OUT032,Peliyagoda,ambient,119,847.7,4.812,1,1
OUT033,Peliyagoda,ambient,146,828.0,4.215,0,1
OUT033,Peliyagoda,chilled,98,661.9,3.721,0,1
OUT034,Peliyagoda,ambient,103,458.8,2.682,1,1
OUT034,Peliyagoda,chilled,127,842.8,4.077,1,1
OUT040,Peliyagoda,ambient,113,834.6,4.109,0,1
OUT041,Peliyagoda,ambient,57,440.9,2.491,0,1
OUT041,Peliyagoda,chilled,60,482.0,2.628,0,1
OUT042,Peliyagoda,ambient,153,974.2,5.688,0,1
OUT042,Peliyagoda,chilled,149,1239.8,6.237,0,1
OUT043,Peliyagoda,ambient,33,268.0,1.339,0,1
OUT043,Peliyagoda,chilled,49,299.5,1.581,0,1
OUT044,Peliyagoda,ambient,79,502.0,2.714,0,1
OUT045,Peliyagoda,ambient,51,376.0,1.91,0,1
OUT045,Peliyagoda,chilled,48,373.7,1.965,0,1
OUT046,Peliyagoda,ambient,41,327.3,1.817,0,1
OUT046,Peliyagoda,chilled,42,311.1,1.586,0,1
OUT050,Peliyagoda,ambient,81,491.8,2.962,0,1
OUT050,Peliyagoda,chilled,84,551.1,2.867,0,1
OUT051,Peliyagoda,ambient,31,196.8,1.155,0,1
OUT051,Peliyagoda,chilled,30,213.9,1.187,0,1
OUT052,Peliyagoda,ambient,106,790.0,4.543,0,1
OUT052,Peliyagoda,chilled,74,570.3,2.893,0,1
OUT053,Peliyagoda,ambient,43,335.8,1.756,0,1
OUT053,Peliyagoda,chilled,22,175.8,0.932,0,1
OUT054,Peliyagoda,ambient,165,965.6,4.788,0,1
OUT054,Peliyagoda,chilled,157,928.0,5.14,0,1
OUT055,Peliyagoda,ambient,57,446.5,2.537,0,1
OUT055,Peliyagoda,chilled,55,396.2,1.944,0,1
OUT059,Peliyagoda,ambient,98,516.4,2.671,0,1
OUT059,Peliyagoda,chilled,68,563.5,2.882,0,1
OUT060,Peliyagoda,ambient,57,419.3,2.551,0,1
OUT060,Peliyagoda,chilled,67,537.4,2.844,0,1
OUT061,Peliyagoda,ambient,78,413.4,2.483,0,1
OUT061,Peliyagoda,chilled,49,327.0,1.654,0,1
OUT062,Peliyagoda,ambient,114,755.3,4.271,0,1
OUT062,Peliyagoda,chilled,79,479.0,2.589,0,1
OUT065,Peliyagoda,ambient,129,630.9,3.723,0,1
OUT065,Peliyagoda,chilled,143,1059.2,5.545,0,1
OUT066,Peliyagoda,ambient,72,561.8,2.976,0,1
OUT066,Peliyagoda,chilled,64,470.6,2.398,0,1
OUT067,Peliyagoda,ambient,87,501.8,2.886,0,1
OUT067,Peliyagoda,chilled,58,445.5,2.667,0,1
OUT068,Peliyagoda,ambient,81,464.5,2.65,0,1
OUT069,Peliyagoda,ambient,81,491.8,2.685,0,1
OUT073,Peliyagoda,ambient,99,744.8,3.403,0,1
OUT073,Peliyagoda,chilled,87,523.6,2.845,0,1
OUT074,Peliyagoda,ambient,92,703.7,3.202,0,1
OUT074,Peliyagoda,chilled,104,597.8,3.725,0,1
OUT075,Peliyagoda,ambient,34,339.1,1.664,0,1
